Age,Predicted_Delta
22,0.003959638
23,0.002895719
24,0.0018318
25,7.678817106782816e-4
26,-2.96E-04
27,-0.001359956
28,-0.002423874
29,-0.003487793
30,-0.004551712
31,-0.00561563
32,-0.006679549
33,-0.007743468
34,-0.008807386
35,-0.009871305
36,-0.010935224
37,-0.011999142
38,-0.013063061
39,-0.01412698
40,-0.015190898
